{"stats":{"minecraft:custom":{"minecraft:interact_with_furnace":24,"minecraft:mob_kills":42,"minecraft:interact_with_crafting_table":13,"minecraft:leave_game":1,"minecraft:time_since_death":59430,"minecraft:sleep_in_bed":3,"minecraft:time_since_rest":5421,"minecraft:sprint_one_cm":101167,"minecraft:damage_taken":1609,"minecraft:walk_one_cm":261359,"minecraft:damage_blocked_by_shield":410,"minecraft:drop":8,"minecraft:damage_dealt":5523,"minecraft:fly_one_cm":175572,"minecraft:open_chest":1,"minecraft:crouch_one_cm":2340,"minecraft:play_time":76227,"minecraft:deaths":1,"minecraft:sneak_time":1003,"minecraft:walk_under_water_one_cm":79705,"minecraft:jump":1291,"minecraft:walk_on_water_one_cm":35916,"minecraft:total_world_time":76227,"minecraft:fall_one_cm":27390},"minecraft:crafted":{"minecraft:cooked_beef":17,"minecraft:oak_door":3,"minecraft:oak_planks":44,"minecraft:cooked_porkchop":13,"minecraft:crafting_table":1,"minecraft:wooden_pickaxe":1,"minecraft:iron_sword":1,"minecraft:furnace":2,"minecraft:bucket":1,"minecraft:stone_axe":1,"minecraft:air":0,"minecraft:iron_boots":1,"minecraft:iron_chestplate":1,"minecraft:shield":1,"minecraft:iron_axe":1,"minecraft:stick":16,"minecraft:iron_ingot":24,"minecraft:iron_pickaxe":1,"minecraft:stone_pickaxe":2,"minecraft:wooden_axe":1,"minecraft:iron_leggings":2,"minecraft:white_bed":1,"minecraft:torch":4},"minecraft:mined":{"minecraft:white_bed":2,"minecraft:oak_door":6,"minecraft:crafting_table":5,"minecraft:torch":4,"minecraft:grass_block":2,"minecraft:tall_grass":10,"minecraft:sugar_cane":2,"minecraft:wall_torch":1,"minecraft:furnace":3,"minecraft:iron_ore":39,"minecraft:birch_leaves":1,"minecraft:andesite":1,"minecraft:grass":20,"minecraft:oak_log":12,"minecraft:coal_ore":38,"minecraft:dirt":8,"minecraft:stone":38,"minecraft:oak_leaves":16},"minecraft:killed":{"minecraft:pig":13,"minecraft:zombie_villager":1,"minecraft:spider":1,"minecraft:creeper":1,"minecraft:sheep":4,"minecraft:skeleton":5,"minecraft:zombie":4,"minecraft:chicken":2,"minecraft:cow":11},"minecraft:killed_by":{"minecraft:skeleton":1},"minecraft:used":{"minecraft:water_bucket":1,"minecraft:stone_pickaxe":106,"minecraft:shield":13,"minecraft:wooden_pickaxe":6,"minecraft:iron_sword":32,"minecraft:rotten_flesh":4,"minecraft:oak_door":7,"minecraft:torch":7,"minecraft:dirt":49,"minecraft:crafting_table":5,"minecraft:white_bed":2,"minecraft:wooden_axe":17,"minecraft:iron_pickaxe":9,"minecraft:stone_axe":82,"minecraft:bow":2,"minecraft:furnace":5,"minecraft:cooked_porkchop":13,"minecraft:bucket":2,"minecraft:egg":1,"minecraft:cooked_beef":2},"minecraft:dropped":{"minecraft:stone_axe":2,"minecraft:wooden_axe":2,"minecraft:iron_leggings":1,"minecraft:stone_pickaxe":1,"minecraft:wooden_pickaxe":1,"minecraft:oak_door":1},"minecraft:picked_up":{"minecraft:wooden_axe":1,"minecraft:crafting_table":5,"minecraft:feather":2,"minecraft:chicken":2,"minecraft:andesite":1,"minecraft:leather":12,"minecraft:oak_log":13,"minecraft:gunpowder":2,"minecraft:dirt":53,"minecraft:bone":7,"minecraft:bow":1,"minecraft:wheat_seeds":6,"minecraft:iron_ingot":17,"minecraft:beef":25,"minecraft:sugar_cane":1,"minecraft:oak_planks":63,"minecraft:egg":1,"minecraft:furnace":4,"minecraft:stick":5,"minecraft:raw_iron":39,"minecraft:cooked_porkchop":4,"minecraft:oak_door":6,"minecraft:torch":5,"minecraft:porkchop":31,"minecraft:white_bed":2,"minecraft:spider_eye":1,"minecraft:arrow":6,"minecraft:rotten_flesh":5,"minecraft:stone_axe":2,"minecraft:oak_sapling":3,"minecraft:mutton":6,"minecraft:coal":71,"minecraft:white_wool":4,"minecraft:cobblestone":89}},"DataVersion":3465}