{"stats":{"minecraft:custom":{"minecraft:time_since_rest":11457,"minecraft:interact_with_furnace":8,"minecraft:sprint_one_cm":34586,"minecraft:damage_taken":530,"minecraft:walk_one_cm":109479,"minecraft:mob_kills":19,"minecraft:drop":3,"minecraft:damage_dealt":2122,"minecraft:interact_with_crafting_table":5,"minecraft:fly_one_cm":76337,"minecraft:play_time":28227,"minecraft:deaths":1,"minecraft:walk_under_water_one_cm":2594,"minecraft:jump":476,"minecraft:leave_game":1,"minecraft:walk_on_water_one_cm":8266,"minecraft:time_since_death":11430,"minecraft:total_world_time":28227,"minecraft:fall_one_cm":10048},"minecraft:crafted":{"minecraft:oak_planks":40,"minecraft:cooked_porkchop":7,"minecraft:crafting_table":1,"minecraft:stick":8,"minecraft:wooden_pickaxe":1,"minecraft:stone_pickaxe":2,"minecraft:wooden_axe":1,"minecraft:furnace":1,"minecraft:stone_axe":1,"minecraft:air":0},"minecraft:mined":{"minecraft:furnace":1,"minecraft:crafting_table":3,"minecraft:grass":7,"minecraft:coal_ore":2,"minecraft:grass_block":2,"minecraft:oak_log":10,"minecraft:dirt":6,"minecraft:stone":28,"minecraft:sugar_cane":2,"minecraft:oak_leaves":15},"minecraft:killed":{"minecraft:sheep":1,"minecraft:zombie":1,"minecraft:pig":10,"minecraft:zombie_villager":1,"minecraft:cow":6},"minecraft:killed_by":{"minecraft:skeleton":1},"minecraft:used":{"minecraft:wooden_axe":17,"minecraft:stone_pickaxe":25,"minecraft:wooden_pickaxe":6,"minecraft:rotten_flesh":2,"minecraft:stone_axe":36,"minecraft:dirt":4,"minecraft:crafting_table":3,"minecraft:furnace":2,"minecraft:cooked_porkchop":3},"minecraft:dropped":{"minecraft:wooden_axe":2,"minecraft:wooden_pickaxe":1},"minecraft:picked_up":{"minecraft:wooden_axe":1,"minecraft:stick":5,"minecraft:crafting_table":3,"minecraft:cooked_porkchop":4,"minecraft:leather":6,"minecraft:porkchop":19,"minecraft:oak_log":10,"minecraft:dirt":51,"minecraft:arrow":1,"minecraft:bone":1,"minecraft:rotten_flesh":3,"minecraft:stone_axe":1,"minecraft:wheat_seeds":6,"minecraft:beef":11,"minecraft:coal":2,"minecraft:oak_sapling":1,"minecraft:sugar_cane":1,"minecraft:mutton":2,"minecraft:oak_planks":29,"minecraft:white_wool":1,"minecraft:cobblestone":77,"minecraft:furnace":2}},"DataVersion":3465}