{"stats":{"minecraft:custom":{"minecraft:time_since_rest":8700,"minecraft:interact_with_furnace":9,"minecraft:sprint_one_cm":65773,"minecraft:damage_taken":620,"minecraft:walk_one_cm":144343,"minecraft:mob_kills":27,"minecraft:drop":3,"minecraft:damage_dealt":3102,"minecraft:interact_with_crafting_table":5,"minecraft:fly_one_cm":136958,"minecraft:crouch_one_cm":785,"minecraft:play_time":40227,"minecraft:deaths":1,"minecraft:sneak_time":165,"minecraft:walk_under_water_one_cm":9072,"minecraft:jump":786,"minecraft:leave_game":1,"minecraft:walk_on_water_one_cm":13147,"minecraft:time_since_death":23430,"minecraft:sleep_in_bed":1,"minecraft:total_world_time":40227,"minecraft:fall_one_cm":19861},"minecraft:crafted":{"minecraft:oak_planks":40,"minecraft:cooked_porkchop":13,"minecraft:crafting_table":1,"minecraft:stick":8,"minecraft:wooden_pickaxe":1,"minecraft:stone_pickaxe":2,"minecraft:wooden_axe":1,"minecraft:furnace":1,"minecraft:torch":4,"minecraft:stone_axe":1,"minecraft:air":0},"minecraft:mined":{"minecraft:white_bed":1,"minecraft:furnace":2,"minecraft:iron_ore":10,"minecraft:andesite":1,"minecraft:torch":4,"minecraft:crafting_table":4,"minecraft:grass":17,"minecraft:coal_ore":29,"minecraft:grass_block":2,"minecraft:oak_log":10,"minecraft:dirt":6,"minecraft:tall_grass":10,"minecraft:wall_torch":1,"minecraft:stone":36,"minecraft:sugar_cane":2,"minecraft:oak_leaves":15},"minecraft:killed":{"minecraft:skeleton":1,"minecraft:sheep":2,"minecraft:zombie":1,"minecraft:pig":13,"minecraft:zombie_villager":1,"minecraft:creeper":1,"minecraft:cow":8},"minecraft:killed_by":{"minecraft:skeleton":1},"minecraft:used":{"minecraft:wooden_axe":17,"minecraft:stone_pickaxe":74,"minecraft:wooden_pickaxe":6,"minecraft:rotten_flesh":2,"minecraft:torch":3,"minecraft:stone_axe":61,"minecraft:dirt":30,"minecraft:crafting_table":3,"minecraft:furnace":2,"minecraft:cooked_porkchop":5},"minecraft:dropped":{"minecraft:wooden_axe":2,"minecraft:wooden_pickaxe":1},"minecraft:picked_up":{"minecraft:wooden_axe":1,"minecraft:raw_iron":10,"minecraft:stick":5,"minecraft:crafting_table":4,"minecraft:cooked_porkchop":4,"minecraft:andesite":1,"minecraft:leather":10,"minecraft:torch":5,"minecraft:porkchop":31,"minecraft:oak_log":10,"minecraft:gunpowder":2,"minecraft:white_bed":1,"minecraft:dirt":51,"minecraft:arrow":3,"minecraft:bone":3,"minecraft:rotten_flesh":3,"minecraft:stone_axe":1,"minecraft:wheat_seeds":6,"minecraft:beef":17,"minecraft:coal":29,"minecraft:oak_sapling":3,"minecraft:sugar_cane":1,"minecraft:mutton":3,"minecraft:oak_planks":63,"minecraft:white_wool":2,"minecraft:cobblestone":87,"minecraft:furnace":3}},"DataVersion":3465}