{"stats":{"minecraft:custom":{"minecraft:time_since_rest":16227,"minecraft:interact_with_furnace":4,"minecraft:sprint_one_cm":1637,"minecraft:damage_taken":160,"minecraft:walk_one_cm":53738,"minecraft:mob_kills":6,"minecraft:drop":3,"minecraft:damage_dealt":822,"minecraft:interact_with_crafting_table":4,"minecraft:fly_one_cm":25280,"minecraft:play_time":16227,"minecraft:jump":136,"minecraft:leave_game":1,"minecraft:time_since_death":16227,"minecraft:total_world_time":16227,"minecraft:fall_one_cm":1523},"minecraft:crafted":{"minecraft:oak_planks":40,"minecraft:cooked_porkchop":5,"minecraft:crafting_table":1,"minecraft:stick":8,"minecraft:wooden_pickaxe":1,"minecraft:stone_pickaxe":1,"minecraft:wooden_axe":1,"minecraft:furnace":1,"minecraft:stone_axe":1,"minecraft:air":0},"minecraft:mined":{"minecraft:crafting_table":3,"minecraft:grass":2,"minecraft:grass_block":2,"minecraft:oak_log":10,"minecraft:dirt":6,"minecraft:stone":22,"minecraft:oak_leaves":12},"minecraft:killed":{"minecraft:sheep":1,"minecraft:zombie":1,"minecraft:pig":3,"minecraft:zombie_villager":1},"minecraft:used":{"minecraft:wooden_axe":17,"minecraft:stone_pickaxe":16,"minecraft:wooden_pickaxe":6,"minecraft:rotten_flesh":1,"minecraft:stone_axe":14,"minecraft:dirt":1,"minecraft:crafting_table":3,"minecraft:furnace":1,"minecraft:cooked_porkchop":1},"minecraft:dropped":{"minecraft:wooden_axe":2,"minecraft:wooden_pickaxe":1},"minecraft:picked_up":{"minecraft:wooden_axe":1,"minecraft:stick":2,"minecraft:crafting_table":2,"minecraft:porkchop":5,"minecraft:oak_log":10,"minecraft:dirt":5,"minecraft:rotten_flesh":2,"minecraft:oak_sapling":1,"minecraft:mutton":2,"minecraft:white_wool":1,"minecraft:cobblestone":31}},"DataVersion":3465}