{"stats":{"minecraft:custom":{"minecraft:interact_with_furnace":9,"minecraft:mob_kills":31,"minecraft:interact_with_crafting_table":6,"minecraft:leave_game":1,"minecraft:time_since_death":35430,"minecraft:sleep_in_bed":1,"minecraft:time_since_rest":20700,"minecraft:sprint_one_cm":91896,"minecraft:damage_taken":820,"minecraft:walk_one_cm":175559,"minecraft:drop":4,"minecraft:damage_dealt":3542,"minecraft:fly_one_cm":163108,"minecraft:open_chest":1,"minecraft:crouch_one_cm":796,"minecraft:play_time":52227,"minecraft:deaths":1,"minecraft:sneak_time":425,"minecraft:walk_under_water_one_cm":43250,"minecraft:jump":1007,"minecraft:walk_on_water_one_cm":28724,"minecraft:total_world_time":52227,"minecraft:fall_one_cm":25273},"minecraft:crafted":{"minecraft:oak_door":3,"minecraft:oak_planks":44,"minecraft:cooked_porkchop":13,"minecraft:crafting_table":1,"minecraft:wooden_pickaxe":1,"minecraft:furnace":1,"minecraft:stone_axe":1,"minecraft:air":0,"minecraft:stick":8,"minecraft:stone_pickaxe":2,"minecraft:wooden_axe":1,"minecraft:torch":4},"minecraft:mined":{"minecraft:white_bed":1,"minecraft:oak_door":4,"minecraft:crafting_table":5,"minecraft:torch":4,"minecraft:grass_block":2,"minecraft:tall_grass":10,"minecraft:sugar_cane":2,"minecraft:wall_torch":1,"minecraft:furnace":2,"minecraft:iron_ore":11,"minecraft:andesite":1,"minecraft:grass":20,"minecraft:oak_log":12,"minecraft:coal_ore":34,"minecraft:dirt":7,"minecraft:stone":36,"minecraft:oak_leaves":16},"minecraft:killed":{"minecraft:pig":13,"minecraft:zombie_villager":1,"minecraft:creeper":1,"minecraft:sheep":2,"minecraft:skeleton":1,"minecraft:zombie":1,"minecraft:chicken":1,"minecraft:cow":11},"minecraft:killed_by":{"minecraft:skeleton":1},"minecraft:used":{"minecraft:stone_pickaxe":80,"minecraft:wooden_pickaxe":6,"minecraft:rotten_flesh":2,"minecraft:oak_door":4,"minecraft:torch":3,"minecraft:dirt":39,"minecraft:crafting_table":4,"minecraft:wooden_axe":17,"minecraft:stone_axe":76,"minecraft:furnace":2,"minecraft:cooked_porkchop":7},"minecraft:dropped":{"minecraft:wooden_axe":2,"minecraft:wooden_pickaxe":1,"minecraft:oak_door":1},"minecraft:picked_up":{"minecraft:wooden_axe":1,"minecraft:crafting_table":5,"minecraft:feather":1,"minecraft:chicken":1,"minecraft:andesite":1,"minecraft:leather":12,"minecraft:oak_log":13,"minecraft:gunpowder":2,"minecraft:dirt":52,"minecraft:bone":3,"minecraft:wheat_seeds":6,"minecraft:beef":25,"minecraft:sugar_cane":1,"minecraft:oak_planks":63,"minecraft:furnace":3,"minecraft:stick":5,"minecraft:raw_iron":11,"minecraft:cooked_porkchop":4,"minecraft:oak_door":4,"minecraft:torch":5,"minecraft:porkchop":31,"minecraft:white_bed":1,"minecraft:arrow":3,"minecraft:rotten_flesh":3,"minecraft:stone_axe":1,"minecraft:oak_sapling":3,"minecraft:mutton":3,"minecraft:coal":35,"minecraft:white_wool":2,"minecraft:cobblestone":87}},"DataVersion":3465}