{"stats":{"minecraft:custom":{"minecraft:interact_with_furnace":24,"minecraft:mob_kills":46,"minecraft:interact_with_crafting_table":13,"minecraft:leave_game":1,"minecraft:time_since_death":71430,"minecraft:sleep_in_bed":3,"minecraft:time_since_rest":17421,"minecraft:sprint_one_cm":119384,"minecraft:damage_taken":1951,"minecraft:walk_one_cm":321434,"minecraft:damage_blocked_by_shield":550,"minecraft:drop":20,"minecraft:damage_dealt":6473,"minecraft:swim_one_cm":499,"minecraft:fly_one_cm":196793,"minecraft:open_chest":1,"minecraft:crouch_one_cm":2441,"minecraft:play_time":88227,"minecraft:deaths":1,"minecraft:sneak_time":1097,"minecraft:walk_under_water_one_cm":90063,"minecraft:jump":1546,"minecraft:walk_on_water_one_cm":47751,"minecraft:total_world_time":88227,"minecraft:fall_one_cm":33043},"minecraft:crafted":{"minecraft:cooked_beef":17,"minecraft:oak_door":3,"minecraft:oak_planks":44,"minecraft:cooked_porkchop":13,"minecraft:crafting_table":1,"minecraft:wooden_pickaxe":1,"minecraft:iron_sword":1,"minecraft:furnace":2,"minecraft:bucket":1,"minecraft:stone_axe":1,"minecraft:air":0,"minecraft:iron_boots":1,"minecraft:iron_chestplate":1,"minecraft:shield":1,"minecraft:iron_axe":1,"minecraft:stick":16,"minecraft:iron_ingot":24,"minecraft:iron_pickaxe":1,"minecraft:stone_pickaxe":2,"minecraft:wooden_axe":1,"minecraft:iron_leggings":2,"minecraft:white_bed":1,"minecraft:torch":4},"minecraft:mined":{"minecraft:diamond_ore":1,"minecraft:white_bed":2,"minecraft:oak_door":6,"minecraft:crafting_table":6,"minecraft:torch":5,"minecraft:grass_block":2,"minecraft:tall_grass":10,"minecraft:lapis_ore":4,"minecraft:sugar_cane":2,"minecraft:wall_torch":1,"minecraft:furnace":4,"minecraft:iron_ore":54,"minecraft:birch_leaves":4,"minecraft:andesite":1,"minecraft:grass":21,"minecraft:oak_log":12,"minecraft:coal_ore":38,"minecraft:deepslate_iron_ore":14,"minecraft:gravel":2,"minecraft:dirt":8,"minecraft:stone":42,"minecraft:deepslate":9,"minecraft:oak_leaves":16},"minecraft:killed":{"minecraft:pig":13,"minecraft:zombie_villager":1,"minecraft:spider":1,"minecraft:creeper":1,"minecraft:sheep":4,"minecraft:skeleton":8,"minecraft:zombie":5,"minecraft:chicken":2,"minecraft:cow":11},"minecraft:killed_by":{"minecraft:skeleton":1},"minecraft:used":{"minecraft:water_bucket":7,"minecraft:stone_pickaxe":106,"minecraft:shield":17,"minecraft:wooden_pickaxe":6,"minecraft:iron_sword":51,"minecraft:rotten_flesh":4,"minecraft:oak_door":7,"minecraft:torch":8,"minecraft:dirt":49,"minecraft:crafting_table":5,"minecraft:white_bed":2,"minecraft:wooden_axe":17,"minecraft:iron_axe":3,"minecraft:iron_pickaxe":61,"minecraft:stone_axe":82,"minecraft:cobblestone":2,"minecraft:bow":2,"minecraft:furnace":5,"minecraft:cooked_porkchop":13,"minecraft:bucket":8,"minecraft:egg":1,"minecraft:cooked_beef":6,"minecraft:cobbled_deepslate":7},"minecraft:dropped":{"minecraft:gravel":5,"minecraft:stone_axe":2,"minecraft:sugar_cane":1,"minecraft:feather":2,"minecraft:andesite":1,"minecraft:wooden_axe":2,"minecraft:iron_leggings":1,"minecraft:stone_pickaxe":1,"minecraft:wooden_pickaxe":1,"minecraft:bone":8,"minecraft:oak_door":1},"minecraft:picked_up":{"minecraft:wooden_axe":1,"minecraft:crafting_table":6,"minecraft:feather":2,"minecraft:chicken":2,"minecraft:andesite":2,"minecraft:leather":12,"minecraft:oak_log":13,"minecraft:gunpowder":2,"minecraft:lapis_lazuli":23,"minecraft:dirt":74,"minecraft:bone":10,"minecraft:bow":2,"minecraft:wheat_seeds":7,"minecraft:cobbled_deepslate":7,"minecraft:iron_ingot":17,"minecraft:beef":27,"minecraft:sugar_cane":1,"minecraft:oak_planks":63,"minecraft:egg":1,"minecraft:furnace":5,"minecraft:stick":6,"minecraft:raw_iron":67,"minecraft:cooked_porkchop":4,"minecraft:oak_door":6,"minecraft:torch":5,"minecraft:gravel":10,"minecraft:porkchop":31,"minecraft:white_bed":2,"minecraft:spider_eye":1,"minecraft:arrow":8,"minecraft:rotten_flesh":5,"minecraft:diamond":1,"minecraft:stone_axe":2,"minecraft:oak_sapling":3,"minecraft:mutton":8,"minecraft:coal":99,"minecraft:white_wool":5,"minecraft:cobblestone":93}},"DataVersion":3465}