{"stats":{"minecraft:custom":{"minecraft:interact_with_furnace":15,"minecraft:mob_kills":39,"minecraft:interact_with_crafting_table":9,"minecraft:leave_game":1,"minecraft:time_since_death":47430,"minecraft:sleep_in_bed":1,"minecraft:time_since_rest":32700,"minecraft:sprint_one_cm":95979,"minecraft:damage_taken":1380,"minecraft:walk_one_cm":233740,"minecraft:damage_blocked_by_shield":400,"minecraft:drop":7,"minecraft:damage_dealt":5060,"minecraft:fly_one_cm":169095,"minecraft:open_chest":1,"minecraft:crouch_one_cm":2321,"minecraft:play_time":64227,"minecraft:deaths":1,"minecraft:sneak_time":913,"minecraft:walk_under_water_one_cm":69811,"minecraft:jump":1218,"minecraft:walk_on_water_one_cm":33132,"minecraft:total_world_time":64227,"minecraft:fall_one_cm":25960},"minecraft:crafted":{"minecraft:oak_door":3,"minecraft:oak_planks":44,"minecraft:cooked_porkchop":13,"minecraft:crafting_table":1,"minecraft:wooden_pickaxe":1,"minecraft:iron_sword":1,"minecraft:furnace":1,"minecraft:bucket":1,"minecraft:stone_axe":1,"minecraft:air":0,"minecraft:shield":1,"minecraft:stick":16,"minecraft:iron_ingot":16,"minecraft:iron_pickaxe":1,"minecraft:stone_pickaxe":2,"minecraft:wooden_axe":1,"minecraft:torch":4},"minecraft:mined":{"minecraft:white_bed":1,"minecraft:oak_door":5,"minecraft:crafting_table":5,"minecraft:torch":4,"minecraft:grass_block":2,"minecraft:tall_grass":10,"minecraft:sugar_cane":2,"minecraft:wall_torch":1,"minecraft:furnace":2,"minecraft:iron_ore":39,"minecraft:andesite":1,"minecraft:grass":20,"minecraft:oak_log":12,"minecraft:coal_ore":38,"minecraft:dirt":8,"minecraft:stone":38,"minecraft:oak_leaves":16},"minecraft:killed":{"minecraft:pig":13,"minecraft:zombie_villager":1,"minecraft:spider":1,"minecraft:creeper":1,"minecraft:sheep":2,"minecraft:skeleton":5,"minecraft:zombie":4,"minecraft:chicken":1,"minecraft:cow":11},"minecraft:killed_by":{"minecraft:skeleton":1},"minecraft:used":{"minecraft:water_bucket":1,"minecraft:stone_pickaxe":106,"minecraft:shield":12,"minecraft:wooden_pickaxe":6,"minecraft:iron_sword":22,"minecraft:rotten_flesh":4,"minecraft:oak_door":6,"minecraft:torch":7,"minecraft:dirt":49,"minecraft:crafting_table":4,"minecraft:white_bed":1,"minecraft:wooden_axe":17,"minecraft:iron_pickaxe":8,"minecraft:stone_axe":82,"minecraft:furnace":3,"minecraft:cooked_porkchop":13,"minecraft:bucket":2},"minecraft:dropped":{"minecraft:stone_axe":2,"minecraft:wooden_axe":2,"minecraft:stone_pickaxe":1,"minecraft:wooden_pickaxe":1,"minecraft:oak_door":1},"minecraft:picked_up":{"minecraft:wooden_axe":1,"minecraft:crafting_table":5,"minecraft:feather":1,"minecraft:chicken":1,"minecraft:andesite":1,"minecraft:leather":12,"minecraft:oak_log":13,"minecraft:gunpowder":2,"minecraft:dirt":53,"minecraft:bone":7,"minecraft:bow":1,"minecraft:wheat_seeds":6,"minecraft:beef":25,"minecraft:sugar_cane":1,"minecraft:oak_planks":63,"minecraft:furnace":3,"minecraft:stick":5,"minecraft:raw_iron":39,"minecraft:cooked_porkchop":4,"minecraft:oak_door":5,"minecraft:torch":5,"minecraft:porkchop":31,"minecraft:white_bed":1,"minecraft:spider_eye":1,"minecraft:arrow":6,"minecraft:rotten_flesh":5,"minecraft:stone_axe":2,"minecraft:oak_sapling":3,"minecraft:mutton":3,"minecraft:coal":39,"minecraft:white_wool":2,"minecraft:cobblestone":89}},"DataVersion":3465}