{"stats":{"minecraft:custom":{"minecraft:interact_with_furnace":33,"minecraft:mob_kills":55,"minecraft:interact_with_crafting_table":15,"minecraft:leave_game":1,"minecraft:time_since_death":83430,"minecraft:sleep_in_bed":3,"minecraft:time_since_rest":29421,"minecraft:sprint_one_cm":134014,"minecraft:damage_taken":2522,"minecraft:walk_one_cm":376709,"minecraft:damage_blocked_by_shield":640,"minecraft:drop":30,"minecraft:damage_dealt":7723,"minecraft:swim_one_cm":499,"minecraft:fly_one_cm":208793,"minecraft:open_chest":2,"minecraft:crouch_one_cm":2539,"minecraft:play_time":100227,"minecraft:deaths":1,"minecraft:sneak_time":1154,"minecraft:walk_under_water_one_cm":92162,"minecraft:jump":1734,"minecraft:walk_on_water_one_cm":56013,"minecraft:total_world_time":100227,"minecraft:fall_one_cm":39015},"minecraft:crafted":{"minecraft:cooked_beef":17,"minecraft:oak_door":3,"minecraft:oak_planks":52,"minecraft:cooked_porkchop":27,"minecraft:crafting_table":1,"minecraft:wooden_pickaxe":1,"minecraft:iron_sword":1,"minecraft:furnace":3,"minecraft:bucket":1,"minecraft:stone_axe":1,"minecraft:air":0,"minecraft:iron_boots":1,"minecraft:iron_chestplate":1,"minecraft:shield":1,"minecraft:iron_axe":1,"minecraft:stick":16,"minecraft:iron_ingot":24,"minecraft:iron_pickaxe":1,"minecraft:stone_pickaxe":2,"minecraft:wooden_axe":1,"minecraft:chest":2,"minecraft:iron_leggings":2,"minecraft:white_bed":1,"minecraft:torch":4},"minecraft:mined":{"minecraft:diamond_ore":1,"minecraft:white_bed":2,"minecraft:oak_door":6,"minecraft:crafting_table":6,"minecraft:torch":5,"minecraft:grass_block":2,"minecraft:tall_grass":10,"minecraft:cobblestone":3,"minecraft:lapis_ore":4,"minecraft:sugar_cane":2,"minecraft:wall_torch":1,"minecraft:furnace":4,"minecraft:iron_ore":70,"minecraft:fire":8,"minecraft:birch_leaves":5,"minecraft:andesite":1,"minecraft:grass":21,"minecraft:oak_log":12,"minecraft:coal_ore":38,"minecraft:deepslate_iron_ore":14,"minecraft:gravel":2,"minecraft:dirt":8,"minecraft:stone":42,"minecraft:deepslate":9,"minecraft:oak_leaves":16},"minecraft:killed":{"minecraft:cave_spider":1,"minecraft:pig":14,"minecraft:zombie_villager":1,"minecraft:spider":1,"minecraft:creeper":1,"minecraft:sheep":4,"minecraft:skeleton":11,"minecraft:zombie":6,"minecraft:chicken":2,"minecraft:cow":11},"minecraft:killed_by":{"minecraft:skeleton":1},"minecraft:used":{"minecraft:water_bucket":9,"minecraft:stone_pickaxe":106,"minecraft:chest":2,"minecraft:shield":20,"minecraft:wooden_pickaxe":6,"minecraft:iron_sword":77,"minecraft:rotten_flesh":4,"minecraft:oak_door":7,"minecraft:torch":9,"minecraft:dirt":49,"minecraft:crafting_table":6,"minecraft:white_bed":3,"minecraft:wooden_axe":17,"minecraft:iron_axe":3,"minecraft:iron_pickaxe":80,"minecraft:gravel":5,"minecraft:stone_axe":82,"minecraft:cobblestone":46,"minecraft:bow":2,"minecraft:furnace":7,"minecraft:cooked_porkchop":14,"minecraft:bucket":10,"minecraft:egg":1,"minecraft:cooked_beef":11,"minecraft:cobbled_deepslate":7},"minecraft:dropped":{"minecraft:gravel":10,"minecraft:stone_axe":2,"minecraft:sugar_cane":1,"minecraft:wheat_seeds":7,"minecraft:birch_sapling":2,"minecraft:feather":2,"minecraft:cobblestone":44,"minecraft:dirt":24,"minecraft:gunpowder":2,"minecraft:andesite":1,"minecraft:wooden_axe":2,"minecraft:oak_sapling":4,"minecraft:iron_leggings":1,"minecraft:stone_pickaxe":1,"minecraft:wooden_pickaxe":1,"minecraft:bone":8,"minecraft:oak_door":1},"minecraft:picked_up":{"minecraft:wooden_axe":1,"minecraft:crafting_table":6,"minecraft:feather":2,"minecraft:chicken":2,"minecraft:andesite":2,"minecraft:leather":12,"minecraft:oak_log":13,"minecraft:gunpowder":4,"minecraft:lapis_lazuli":23,"minecraft:string":4,"minecraft:dirt":101,"minecraft:bone":10,"minecraft:bow":2,"minecraft:wheat_seeds":14,"minecraft:cobbled_deepslate":7,"minecraft:iron_ingot":17,"minecraft:beef":27,"minecraft:sugar_cane":1,"minecraft:birch_sapling":2,"minecraft:oak_planks":63,"minecraft:egg":1,"minecraft:furnace":5,"minecraft:stick":6,"minecraft:raw_iron":83,"minecraft:cooked_porkchop":4,"minecraft:oak_door":6,"minecraft:torch":5,"minecraft:gravel":15,"minecraft:porkchop":33,"minecraft:white_bed":2,"minecraft:spider_eye":2,"minecraft:arrow":9,"minecraft:rotten_flesh":5,"minecraft:diamond":1,"minecraft:stone_axe":2,"minecraft:oak_sapling":5,"minecraft:mutton":8,"minecraft:coal":99,"minecraft:white_wool":5,"minecraft:cobblestone":140}},"DataVersion":3465}