{"stats":{"minecraft:picked_up":{"minecraft:crafting_table":7,"minecraft:feather":2,"minecraft:chicken":2,"minecraft:andesite":2,"minecraft:leather":12,"minecraft:flint":1,"minecraft:tuff":5,"minecraft:oak_log":13,"minecraft:gunpowder":4,"minecraft:lapis_lazuli":68,"minecraft:dirt":101,"minecraft:string":6,"minecraft:bone":10,"minecraft:bow":2,"minecraft:wheat_seeds":14,"minecraft:cobbled_deepslate":10,"minecraft:iron_ingot":17,"minecraft:beef":27,"minecraft:sugar_cane":1,"minecraft:birch_sapling":3,"minecraft:oak_planks":63,"minecraft:furnace":5,"minecraft:egg":1,"minecraft:stick":6,"minecraft:raw_iron":102,"minecraft:cooked_porkchop":4,"minecraft:oak_door":6,"minecraft:torch":6,"minecraft:dripstone_block":5,"minecraft:gravel":15,"minecraft:porkchop":33,"minecraft:pointed_dripstone":17,"minecraft:white_bed":2,"minecraft:spider_eye":2,"minecraft:arrow":9,"minecraft:rotten_flesh":6,"minecraft:diamond":1,"minecraft:stone_axe":2,"minecraft:granite":1,"minecraft:oak_sapling":7,"minecraft:mutton":8,"minecraft:coal":117,"minecraft:white_wool":5,"minecraft:cobblestone":201,"minecraft:wooden_axe":1},"minecraft:used":{"minecraft:water_bucket":25,"minecraft:stone_pickaxe":106,"minecraft:chest":2,"minecraft:wooden_pickaxe":6,"minecraft:shield":21,"minecraft:iron_sword":88,"minecraft:rotten_flesh":4,"minecraft:oak_door":7,"minecraft:torch":18,"minecraft:dirt":49,"minecraft:crafting_table":7,"minecraft:white_bed":3,"minecraft:dripstone_block":4,"minecraft:wooden_axe":17,"minecraft:iron_axe":5,"minecraft:iron_pickaxe":209,"minecraft:gravel":5,"minecraft:stone_axe":82,"minecraft:cobblestone":104,"minecraft:bow":2,"minecraft:furnace":7,"minecraft:cooked_porkchop":17,"minecraft:bucket":26,"minecraft:egg":1,"minecraft:cooked_beef":11,"minecraft:cobbled_deepslate":7,"minecraft:pointed_dripstone":7},"minecraft:crafted":{"minecraft:cooked_beef":17,"minecraft:oak_door":3,"minecraft:oak_planks":52,"minecraft:cooked_porkchop":27,"minecraft:crafting_table":1,"minecraft:iron_helmet":1,"minecraft:wooden_pickaxe":1,"minecraft:iron_sword":1,"minecraft:furnace":3,"minecraft:bucket":1,"minecraft:stone_axe":1,"minecraft:air":0,"minecraft:iron_boots":1,"minecraft:iron_chestplate":1,"minecraft:shield":1,"minecraft:iron_axe":1,"minecraft:stick":16,"minecraft:iron_ingot":68,"minecraft:iron_pickaxe":1,"minecraft:stone_pickaxe":2,"minecraft:wooden_axe":1,"minecraft:chest":2,"minecraft:iron_leggings":2,"minecraft:white_bed":1,"minecraft:torch":20},"minecraft:killed_by":{"minecraft:skeleton":1},"minecraft:custom":{"minecraft:interact_with_furnace":47,"minecraft:mob_kills":58,"minecraft:interact_with_crafting_table":17,"minecraft:leave_game":2,"minecraft:time_since_death":111395,"minecraft:sleep_in_bed":4,"minecraft:time_since_rest":18236,"minecraft:sprint_one_cm":139311,"minecraft:damage_taken":2666,"minecraft:walk_one_cm":541143,"minecraft:damage_blocked_by_shield":700,"minecraft:drop":33,"minecraft:damage_dealt":8128,"minecraft:swim_one_cm":499,"minecraft:fly_one_cm":211174,"minecraft:open_chest":10,"minecraft:play_time":128192,"minecraft:crouch_one_cm":3875,"minecraft:sneak_time":1821,"minecraft:deaths":1,"minecraft:walk_under_water_one_cm":100686,"minecraft:jump":1970,"minecraft:walk_on_water_one_cm":61668,"minecraft:total_world_time":128192,"minecraft:fall_one_cm":44429},"minecraft:killed":{"minecraft:cave_spider":1,"minecraft:pig":14,"minecraft:zombie_villager":1,"minecraft:spider":1,"minecraft:creeper":1,"minecraft:skeleton":11,"minecraft:sheep":4,"minecraft:zombie":9,"minecraft:chicken":2,"minecraft:cow":11},"minecraft:mined":{"minecraft:diamond_ore":1,"minecraft:tuff":5,"minecraft:white_bed":2,"minecraft:oak_door":6,"minecraft:oak_fence":1,"minecraft:crafting_table":7,"minecraft:torch":5,"minecraft:granite":1,"minecraft:grass_block":2,"minecraft:tall_grass":10,"minecraft:cobblestone":9,"minecraft:lapis_ore":10,"minecraft:sugar_cane":2,"minecraft:wall_torch":2,"minecraft:furnace":4,"minecraft:iron_ore":85,"minecraft:fire":9,"minecraft:birch_leaves":5,"minecraft:andesite":1,"minecraft:grass":21,"minecraft:coal_ore":56,"minecraft:pointed_dripstone":11,"minecraft:oak_log":12,"minecraft:deepslate_iron_ore":18,"minecraft:gravel":3,"minecraft:dripstone_block":5,"minecraft:dirt":8,"minecraft:cobweb":3,"minecraft:stone":97,"minecraft:oak_leaves":16,"minecraft:deepslate":12},"minecraft:dropped":{"minecraft:oak_door":1,"minecraft:gravel":10,"minecraft:stone_axe":2,"minecraft:sugar_cane":1,"minecraft:wheat_seeds":7,"minecraft:birch_sapling":3,"minecraft:feather":2,"minecraft:cobblestone":44,"minecraft:dirt":24,"minecraft:gunpowder":2,"minecraft:wooden_axe":2,"minecraft:andesite":1,"minecraft:oak_sapling":6,"minecraft:iron_leggings":1,"minecraft:stone_pickaxe":1,"minecraft:wooden_pickaxe":1,"minecraft:bone":8}},"DataVersion":3465}