{"stats":{"minecraft:custom":{"minecraft:time_since_rest":23172,"minecraft:interact_with_furnace":31,"minecraft:sprint_one_cm":36637,"minecraft:damage_taken":70,"minecraft:walk_one_cm":78247,"minecraft:mob_kills":15,"minecraft:drop":14,"minecraft:damage_dealt":1858,"minecraft:swim_one_cm":13183,"minecraft:interact_with_crafting_table":8,"minecraft:fly_one_cm":48849,"minecraft:crouch_one_cm":845,"minecraft:play_time":23172,"minecraft:sneak_time":322,"minecraft:walk_under_water_one_cm":265,"minecraft:jump":303,"minecraft:walk_on_water_one_cm":1116,"minecraft:time_since_death":23172,"minecraft:total_world_time":23172,"minecraft:fall_one_cm":6295},"minecraft:crafted":{"minecraft:cooked_beef":6,"minecraft:oak_planks":84,"minecraft:cooked_porkchop":17,"minecraft:crafting_table":1,"minecraft:stick":12,"minecraft:wooden_pickaxe":1,"minecraft:stone_pickaxe":1,"minecraft:white_bed":1,"minecraft:stone_axe":1,"minecraft:air":0},"minecraft:mined":{"minecraft:crafting_table":2,"minecraft:grass":19,"minecraft:grass_block":2,"minecraft:oak_log":42,"minecraft:dirt":12,"minecraft:tall_grass":17,"minecraft:stone":38,"minecraft:oak_leaves":1},"minecraft:killed":{"minecraft:sheep":4,"minecraft:skeleton":2,"minecraft:zombie":1,"minecraft:pig":8},"minecraft:used":{"minecraft:stone_pickaxe":20,"minecraft:wooden_pickaxe":26,"minecraft:stone_axe":61,"minecraft:dirt":2,"minecraft:crafting_table":3,"minecraft:cooked_beef":2},"minecraft:dropped":{"minecraft:dirt":19,"minecraft:furnace":1,"minecraft:wheat_seeds":6,"minecraft:mutton":2,"minecraft:crafting_table":1,"minecraft:cobblestone":23,"minecraft:oak_planks":29,"minecraft:arrow":2,"minecraft:wooden_pickaxe":1,"minecraft:bone":2,"minecraft:stick":3},"minecraft:picked_up":{"minecraft:stick":2,"minecraft:crafting_table":4,"minecraft:porkchop":18,"minecraft:oak_log":42,"minecraft:dirt":21,"minecraft:bone":2,"minecraft:arrow":2,"minecraft:wheat_seeds":6,"minecraft:stone_pickaxe":1,"minecraft:oak_sapling":2,"minecraft:mutton":10,"minecraft:oak_planks":22,"minecraft:white_wool":5,"minecraft:cobblestone":29,"minecraft:furnace":1}},"DataVersion":3465}