{"stats":{"minecraft:custom":{"minecraft:interact_with_furnace":42,"minecraft:mob_kills":33,"minecraft:interact_with_crafting_table":25,"minecraft:time_since_death":83172,"minecraft:sleep_in_bed":2,"minecraft:time_since_rest":17421,"minecraft:sprint_one_cm":106278,"minecraft:damage_taken":708,"minecraft:walk_one_cm":210898,"minecraft:damage_blocked_by_shield":150,"minecraft:drop":18,"minecraft:damage_dealt":4514,"minecraft:swim_one_cm":82202,"minecraft:fly_one_cm":148930,"minecraft:open_chest":3,"minecraft:crouch_one_cm":3603,"minecraft:play_time":83172,"minecraft:sneak_time":2811,"minecraft:walk_under_water_one_cm":22880,"minecraft:jump":1076,"minecraft:walk_on_water_one_cm":20418,"minecraft:total_world_time":83172,"minecraft:fall_one_cm":22557},"minecraft:broken":{"minecraft:stone_pickaxe":1,"minecraft:stone_axe":1},"minecraft:crafted":{"minecraft:cooked_beef":6,"minecraft:oak_planks":100,"minecraft:cooked_porkchop":25,"minecraft:crafting_table":1,"minecraft:wooden_pickaxe":1,"minecraft:furnace":1,"minecraft:stone_axe":2,"minecraft:cooked_mutton":15,"minecraft:air":0,"minecraft:iron_boots":1,"minecraft:iron_chestplate":1,"minecraft:shield":1,"minecraft:stick":28,"minecraft:iron_ingot":1,"minecraft:iron_pickaxe":1,"minecraft:stone_pickaxe":1,"minecraft:stone_sword":1,"minecraft:white_bed":3,"minecraft:torch":64},"minecraft:mined":{"minecraft:white_bed":4,"minecraft:oak_door":3,"minecraft:crafting_table":5,"minecraft:torch":3,"minecraft:grass_block":2,"minecraft:tall_grass":17,"minecraft:deepslate_gold_ore":6,"minecraft:wall_torch":3,"minecraft:magma_block":2,"minecraft:furnace":2,"minecraft:iron_ore":22,"minecraft:birch_leaves":2,"minecraft:grass":20,"minecraft:pointed_dripstone":1,"minecraft:oak_log":73,"minecraft:coal_ore":85,"minecraft:deepslate_iron_ore":8,"minecraft:dirt":12,"minecraft:stone":74,"minecraft:deepslate":1,"minecraft:oak_leaves":3},"minecraft:killed":{"minecraft:pig":11,"minecraft:spider":2,"minecraft:creeper":1,"minecraft:sheep":8,"minecraft:skeleton":4,"minecraft:zombie":5,"minecraft:enderman":1,"minecraft:cow":1},"minecraft:used":{"minecraft:stone_sword":19,"minecraft:stone_pickaxe":156,"minecraft:shield":2,"minecraft:wooden_pickaxe":26,"minecraft:oak_door":3,"minecraft:torch":43,"minecraft:dirt":2,"minecraft:crafting_table":6,"minecraft:white_bed":5,"minecraft:iron_pickaxe":27,"minecraft:stone_axe":123,"minecraft:cobblestone":18,"minecraft:magma_block":1,"minecraft:furnace":1,"minecraft:cooked_porkchop":3,"minecraft:cooked_beef":6},"minecraft:dropped":{"minecraft:iron_ingot":17,"minecraft:furnace":1,"minecraft:wheat_seeds":6,"minecraft:crafting_table":1,"minecraft:pointed_dripstone":1,"minecraft:feather":2,"minecraft:cobblestone":23,"minecraft:oak_planks":29,"minecraft:coal":32,"minecraft:stick":3,"minecraft:dirt":19,"minecraft:mutton":2,"minecraft:arrow":2,"minecraft:wooden_pickaxe":1,"minecraft:bone":2},"minecraft:picked_up":{"minecraft:magma_block":2,"minecraft:crafting_table":7,"minecraft:feather":2,"minecraft:oak_log":72,"minecraft:dirt":21,"minecraft:iron_leggings":1,"minecraft:bone":10,"minecraft:wheat_seeds":6,"minecraft:cobbled_deepslate":1,"minecraft:raw_gold":6,"minecraft:iron_ingot":25,"minecraft:stone_pickaxe":1,"minecraft:sugar_cane":1,"minecraft:birch_sapling":1,"minecraft:oak_planks":22,"minecraft:furnace":3,"minecraft:stick":4,"minecraft:raw_iron":30,"minecraft:oak_door":4,"minecraft:torch":7,"minecraft:porkchop":26,"minecraft:pointed_dripstone":1,"minecraft:white_bed":3,"minecraft:grass_block":1,"minecraft:arrow":3,"minecraft:rotten_flesh":1,"minecraft:oak_sapling":4,"minecraft:mutton":17,"minecraft:coal":127,"minecraft:white_wool":10,"minecraft:cobblestone":65}},"DataVersion":3465}