{"stats":{"minecraft:custom":{"minecraft:time_since_rest":11172,"minecraft:interact_with_furnace":2,"minecraft:crouch_one_cm":3,"minecraft:play_time":11172,"minecraft:sprint_one_cm":2770,"minecraft:damage_taken":30,"minecraft:walk_one_cm":25900,"minecraft:sneak_time":87,"minecraft:mob_kills":1,"minecraft:jump":57,"minecraft:damage_dealt":157,"minecraft:time_since_death":11172,"minecraft:total_world_time":11172,"minecraft:interact_with_crafting_table":5,"minecraft:fly_one_cm":762},"minecraft:crafted":{"minecraft:oak_planks":20,"minecraft:crafting_table":1,"minecraft:stick":12,"minecraft:wooden_pickaxe":1,"minecraft:stone_pickaxe":1},"minecraft:mined":{"minecraft:grass_block":2,"minecraft:oak_log":5,"minecraft:dirt":12,"minecraft:stone":38},"minecraft:killed":{"minecraft:skeleton":1},"minecraft:used":{"minecraft:dirt":2,"minecraft:crafting_table":1,"minecraft:stone_pickaxe":20,"minecraft:wooden_pickaxe":26},"minecraft:picked_up":{"minecraft:oak_log":5,"minecraft:dirt":17,"minecraft:cobblestone":29}},"DataVersion":3465}