{"stats":{"minecraft:custom":{"minecraft:interact_with_furnace":42,"minecraft:mob_kills":48,"minecraft:interact_with_crafting_table":25,"minecraft:time_since_death":95172,"minecraft:sleep_in_bed":2,"minecraft:time_since_rest":29421,"minecraft:sprint_one_cm":143268,"minecraft:damage_taken":1016,"minecraft:walk_one_cm":270912,"minecraft:damage_blocked_by_shield":350,"minecraft:drop":20,"minecraft:damage_dealt":6333,"minecraft:swim_one_cm":83629,"minecraft:fly_one_cm":161829,"minecraft:open_chest":3,"minecraft:crouch_one_cm":4018,"minecraft:play_time":95172,"minecraft:sneak_time":3093,"minecraft:walk_under_water_one_cm":23166,"minecraft:jump":1283,"minecraft:walk_on_water_one_cm":26305,"minecraft:total_world_time":95172,"minecraft:fall_one_cm":25483},"minecraft:broken":{"minecraft:stone_pickaxe":1,"minecraft:stone_axe":1},"minecraft:crafted":{"minecraft:cooked_beef":6,"minecraft:oak_planks":100,"minecraft:cooked_porkchop":25,"minecraft:crafting_table":1,"minecraft:wooden_pickaxe":1,"minecraft:furnace":1,"minecraft:stone_axe":2,"minecraft:cooked_mutton":15,"minecraft:air":0,"minecraft:iron_boots":1,"minecraft:iron_chestplate":1,"minecraft:shield":1,"minecraft:stick":28,"minecraft:iron_ingot":1,"minecraft:iron_pickaxe":1,"minecraft:stone_pickaxe":1,"minecraft:stone_sword":1,"minecraft:white_bed":3,"minecraft:torch":64},"minecraft:mined":{"minecraft:white_bed":4,"minecraft:oak_door":3,"minecraft:crafting_table":5,"minecraft:torch":3,"minecraft:grass_block":5,"minecraft:tall_grass":17,"minecraft:deepslate_gold_ore":6,"minecraft:wall_torch":3,"minecraft:magma_block":2,"minecraft:furnace":2,"minecraft:iron_ore":45,"minecraft:birch_leaves":2,"minecraft:grass":20,"minecraft:pointed_dripstone":1,"minecraft:oak_log":73,"minecraft:coal_ore":128,"minecraft:deepslate_iron_ore":8,"minecraft:dirt":12,"minecraft:cobweb":1,"minecraft:stone":87,"minecraft:gold_ore":13,"minecraft:deepslate":1,"minecraft:oak_leaves":3},"minecraft:killed":{"minecraft:cave_spider":1,"minecraft:pig":11,"minecraft:spider":2,"minecraft:creeper":1,"minecraft:sheep":11,"minecraft:skeleton":8,"minecraft:zombie":7,"minecraft:enderman":1,"minecraft:cow":1},"minecraft:used":{"minecraft:cooked_mutton":2,"minecraft:stone_sword":41,"minecraft:stone_pickaxe":156,"minecraft:shield":9,"minecraft:wooden_pickaxe":26,"minecraft:oak_door":3,"minecraft:torch":64,"minecraft:dirt":2,"minecraft:crafting_table":6,"minecraft:white_bed":6,"minecraft:iron_pickaxe":119,"minecraft:stone_axe":136,"minecraft:cobblestone":24,"minecraft:magma_block":1,"minecraft:furnace":1,"minecraft:cooked_porkchop":6,"minecraft:cooked_beef":6},"minecraft:dropped":{"minecraft:iron_ingot":17,"minecraft:furnace":1,"minecraft:wheat_seeds":6,"minecraft:crafting_table":1,"minecraft:pointed_dripstone":1,"minecraft:feather":2,"minecraft:cobblestone":23,"minecraft:oak_planks":30,"minecraft:coal":32,"minecraft:stick":3,"minecraft:dirt":19,"minecraft:mutton":2,"minecraft:arrow":2,"minecraft:wooden_pickaxe":1,"minecraft:black_wool":1,"minecraft:bone":2},"minecraft:picked_up":{"minecraft:magma_block":2,"minecraft:crafting_table":7,"minecraft:feather":2,"minecraft:oak_log":72,"minecraft:string":1,"minecraft:dirt":21,"minecraft:iron_leggings":1,"minecraft:bone":17,"minecraft:wheat_seeds":6,"minecraft:cobbled_deepslate":1,"minecraft:raw_gold":19,"minecraft:iron_ingot":25,"minecraft:stone_pickaxe":1,"minecraft:sugar_cane":1,"minecraft:birch_sapling":1,"minecraft:oak_planks":22,"minecraft:furnace":3,"minecraft:stick":4,"minecraft:raw_iron":53,"minecraft:oak_door":4,"minecraft:torch":7,"minecraft:porkchop":26,"minecraft:pointed_dripstone":1,"minecraft:white_bed":3,"minecraft:grass_block":1,"minecraft:arrow":9,"minecraft:rotten_flesh":1,"minecraft:black_wool":1,"minecraft:oak_sapling":4,"minecraft:mutton":21,"minecraft:coal":170,"minecraft:white_wool":12,"minecraft:cobblestone":78}},"DataVersion":3465}