{"stats":{"minecraft:custom":{"minecraft:time_since_rest":8700,"minecraft:interact_with_furnace":31,"minecraft:sprint_one_cm":61380,"minecraft:damage_taken":180,"minecraft:walk_one_cm":106737,"minecraft:mob_kills":22,"minecraft:drop":14,"minecraft:damage_dealt":2478,"minecraft:swim_one_cm":28205,"minecraft:interact_with_crafting_table":10,"minecraft:fly_one_cm":101898,"minecraft:crouch_one_cm":1388,"minecraft:play_time":35172,"minecraft:sneak_time":1203,"minecraft:walk_under_water_one_cm":5028,"minecraft:jump":595,"minecraft:walk_on_water_one_cm":7270,"minecraft:time_since_death":35172,"minecraft:sleep_in_bed":1,"minecraft:total_world_time":35172,"minecraft:fall_one_cm":15050},"minecraft:crafted":{"minecraft:cooked_beef":6,"minecraft:oak_planks":84,"minecraft:cooked_porkchop":17,"minecraft:crafting_table":1,"minecraft:stick":12,"minecraft:wooden_pickaxe":1,"minecraft:stone_pickaxe":1,"minecraft:white_bed":2,"minecraft:torch":24,"minecraft:stone_axe":1,"minecraft:air":0},"minecraft:mined":{"minecraft:white_bed":3,"minecraft:iron_ore":10,"minecraft:torch":3,"minecraft:crafting_table":3,"minecraft:grass":19,"minecraft:coal_ore":66,"minecraft:grass_block":2,"minecraft:oak_log":42,"minecraft:dirt":12,"minecraft:tall_grass":17,"minecraft:stone":63,"minecraft:wall_torch":3,"minecraft:oak_leaves":1},"minecraft:killed":{"minecraft:sheep":8,"minecraft:skeleton":2,"minecraft:zombie":1,"minecraft:pig":11},"minecraft:used":{"minecraft:stone_pickaxe":121,"minecraft:wooden_pickaxe":26,"minecraft:torch":10,"minecraft:stone_axe":69,"minecraft:dirt":2,"minecraft:cobblestone":4,"minecraft:crafting_table":4,"minecraft:white_bed":4,"minecraft:cooked_beef":3},"minecraft:dropped":{"minecraft:dirt":19,"minecraft:furnace":1,"minecraft:wheat_seeds":6,"minecraft:mutton":2,"minecraft:crafting_table":1,"minecraft:cobblestone":23,"minecraft:oak_planks":29,"minecraft:arrow":2,"minecraft:wooden_pickaxe":1,"minecraft:bone":2,"minecraft:stick":3},"minecraft:picked_up":{"minecraft:raw_iron":10,"minecraft:stick":3,"minecraft:crafting_table":5,"minecraft:torch":7,"minecraft:porkchop":26,"minecraft:oak_log":42,"minecraft:white_bed":2,"minecraft:dirt":21,"minecraft:bone":2,"minecraft:arrow":2,"minecraft:wheat_seeds":6,"minecraft:stone_pickaxe":1,"minecraft:oak_sapling":4,"minecraft:coal":64,"minecraft:mutton":17,"minecraft:oak_planks":22,"minecraft:white_wool":9,"minecraft:cobblestone":54,"minecraft:furnace":1}},"DataVersion":3465}