{"stats":{"minecraft:custom":{"minecraft:interact_with_furnace":42,"minecraft:mob_kills":26,"minecraft:interact_with_crafting_table":25,"minecraft:time_since_death":71172,"minecraft:sleep_in_bed":2,"minecraft:time_since_rest":5421,"minecraft:sprint_one_cm":83245,"minecraft:damage_taken":500,"minecraft:walk_one_cm":167376,"minecraft:drop":16,"minecraft:damage_dealt":3163,"minecraft:swim_one_cm":77957,"minecraft:fly_one_cm":129394,"minecraft:open_chest":3,"minecraft:crouch_one_cm":1637,"minecraft:play_time":71172,"minecraft:sneak_time":2000,"minecraft:walk_under_water_one_cm":17721,"minecraft:jump":858,"minecraft:walk_on_water_one_cm":16943,"minecraft:total_world_time":71172,"minecraft:fall_one_cm":18128},"minecraft:broken":{"minecraft:stone_pickaxe":1,"minecraft:stone_axe":1},"minecraft:crafted":{"minecraft:cooked_beef":6,"minecraft:oak_planks":96,"minecraft:cooked_porkchop":25,"minecraft:crafting_table":1,"minecraft:wooden_pickaxe":1,"minecraft:furnace":1,"minecraft:stone_axe":2,"minecraft:cooked_mutton":15,"minecraft:air":0,"minecraft:iron_boots":1,"minecraft:iron_chestplate":1,"minecraft:shield":1,"minecraft:stick":16,"minecraft:iron_ingot":1,"minecraft:iron_pickaxe":1,"minecraft:stone_pickaxe":1,"minecraft:stone_sword":1,"minecraft:white_bed":3,"minecraft:torch":24},"minecraft:mined":{"minecraft:white_bed":4,"minecraft:oak_door":3,"minecraft:crafting_table":5,"minecraft:torch":3,"minecraft:grass_block":2,"minecraft:tall_grass":17,"minecraft:wall_torch":3,"minecraft:magma_block":2,"minecraft:furnace":2,"minecraft:iron_ore":10,"minecraft:birch_leaves":2,"minecraft:grass":20,"minecraft:oak_log":67,"minecraft:coal_ore":85,"minecraft:dirt":12,"minecraft:stone":64,"minecraft:oak_leaves":3},"minecraft:killed":{"minecraft:pig":11,"minecraft:creeper":1,"minecraft:sheep":8,"minecraft:skeleton":3,"minecraft:zombie":1,"minecraft:enderman":1,"minecraft:cow":1},"minecraft:used":{"minecraft:stone_sword":6,"minecraft:stone_pickaxe":145,"minecraft:wooden_pickaxe":26,"minecraft:oak_door":3,"minecraft:torch":17,"minecraft:dirt":2,"minecraft:crafting_table":6,"minecraft:white_bed":5,"minecraft:stone_axe":107,"minecraft:cobblestone":4,"minecraft:magma_block":1,"minecraft:furnace":1,"minecraft:cooked_porkchop":1,"minecraft:cooked_beef":6},"minecraft:dropped":{"minecraft:iron_ingot":17,"minecraft:furnace":1,"minecraft:wheat_seeds":6,"minecraft:crafting_table":1,"minecraft:cobblestone":23,"minecraft:oak_planks":29,"minecraft:coal":32,"minecraft:stick":3,"minecraft:dirt":19,"minecraft:mutton":2,"minecraft:arrow":2,"minecraft:wooden_pickaxe":1,"minecraft:bone":2},"minecraft:picked_up":{"minecraft:magma_block":2,"minecraft:crafting_table":7,"minecraft:oak_log":66,"minecraft:dirt":21,"minecraft:iron_leggings":1,"minecraft:bone":2,"minecraft:wheat_seeds":6,"minecraft:iron_ingot":25,"minecraft:stone_pickaxe":1,"minecraft:birch_sapling":1,"minecraft:oak_planks":22,"minecraft:furnace":3,"minecraft:stick":4,"minecraft:raw_iron":10,"minecraft:oak_door":4,"minecraft:torch":7,"minecraft:porkchop":26,"minecraft:white_bed":3,"minecraft:grass_block":1,"minecraft:arrow":3,"minecraft:oak_sapling":4,"minecraft:mutton":17,"minecraft:coal":127,"minecraft:white_wool":9,"minecraft:cobblestone":55}},"DataVersion":3465}