{"stats":{"minecraft:custom":{"minecraft:interact_with_furnace":41,"minecraft:mob_kills":24,"minecraft:interact_with_crafting_table":19,"minecraft:time_since_death":59172,"minecraft:sleep_in_bed":1,"minecraft:time_since_rest":32700,"minecraft:sprint_one_cm":81080,"minecraft:damage_taken":490,"minecraft:walk_one_cm":150450,"minecraft:drop":14,"minecraft:damage_dealt":2866,"minecraft:swim_one_cm":77957,"minecraft:fly_one_cm":127789,"minecraft:open_chest":3,"minecraft:crouch_one_cm":1411,"minecraft:play_time":59172,"minecraft:sneak_time":1930,"minecraft:walk_under_water_one_cm":17721,"minecraft:jump":824,"minecraft:walk_on_water_one_cm":16943,"minecraft:total_world_time":59172,"minecraft:fall_one_cm":17859},"minecraft:broken":{"minecraft:stone_pickaxe":1,"minecraft:stone_axe":1},"minecraft:crafted":{"minecraft:cooked_beef":6,"minecraft:oak_planks":92,"minecraft:cooked_porkchop":25,"minecraft:crafting_table":1,"minecraft:wooden_pickaxe":1,"minecraft:furnace":1,"minecraft:stone_axe":1,"minecraft:cooked_mutton":15,"minecraft:air":0,"minecraft:shield":1,"minecraft:stick":16,"minecraft:iron_ingot":1,"minecraft:iron_pickaxe":1,"minecraft:stone_pickaxe":1,"minecraft:stone_sword":1,"minecraft:white_bed":2,"minecraft:torch":24},"minecraft:mined":{"minecraft:white_bed":3,"minecraft:oak_door":3,"minecraft:crafting_table":4,"minecraft:torch":3,"minecraft:grass_block":2,"minecraft:tall_grass":17,"minecraft:wall_torch":3,"minecraft:magma_block":2,"minecraft:iron_ore":10,"minecraft:grass":19,"minecraft:oak_log":67,"minecraft:coal_ore":85,"minecraft:dirt":12,"minecraft:stone":64,"minecraft:oak_leaves":3},"minecraft:killed":{"minecraft:pig":11,"minecraft:sheep":8,"minecraft:skeleton":3,"minecraft:zombie":1,"minecraft:cow":1},"minecraft:used":{"minecraft:stone_sword":4,"minecraft:stone_pickaxe":143,"minecraft:wooden_pickaxe":26,"minecraft:oak_door":3,"minecraft:torch":17,"minecraft:dirt":2,"minecraft:crafting_table":6,"minecraft:white_bed":4,"minecraft:stone_axe":103,"minecraft:cobblestone":4,"minecraft:magma_block":1,"minecraft:furnace":1,"minecraft:cooked_porkchop":1,"minecraft:cooked_beef":6},"minecraft:dropped":{"minecraft:furnace":1,"minecraft:wheat_seeds":6,"minecraft:crafting_table":1,"minecraft:cobblestone":23,"minecraft:oak_planks":29,"minecraft:stick":3,"minecraft:dirt":19,"minecraft:mutton":2,"minecraft:arrow":2,"minecraft:wooden_pickaxe":1,"minecraft:bone":2},"minecraft:picked_up":{"minecraft:magma_block":2,"minecraft:crafting_table":6,"minecraft:oak_log":66,"minecraft:dirt":21,"minecraft:bone":2,"minecraft:wheat_seeds":6,"minecraft:stone_pickaxe":1,"minecraft:oak_planks":22,"minecraft:furnace":1,"minecraft:stick":4,"minecraft:raw_iron":10,"minecraft:oak_door":4,"minecraft:torch":7,"minecraft:porkchop":26,"minecraft:white_bed":2,"minecraft:arrow":3,"minecraft:oak_sapling":4,"minecraft:mutton":17,"minecraft:coal":84,"minecraft:white_wool":9,"minecraft:cobblestone":55}},"DataVersion":3465}