{"stats":{"minecraft:custom":{"minecraft:interact_with_furnace":31,"minecraft:mob_kills":23,"minecraft:interact_with_crafting_table":11,"minecraft:time_since_death":47172,"minecraft:sleep_in_bed":1,"minecraft:time_since_rest":20700,"minecraft:sprint_one_cm":79623,"minecraft:damage_taken":360,"minecraft:walk_one_cm":137302,"minecraft:drop":14,"minecraft:damage_dealt":2666,"minecraft:swim_one_cm":77957,"minecraft:fly_one_cm":127036,"minecraft:open_chest":3,"minecraft:crouch_one_cm":1396,"minecraft:play_time":47172,"minecraft:sneak_time":1907,"minecraft:walk_under_water_one_cm":17721,"minecraft:jump":777,"minecraft:walk_on_water_one_cm":16943,"minecraft:total_world_time":47172,"minecraft:fall_one_cm":17648},"minecraft:broken":{"minecraft:stone_pickaxe":1,"minecraft:stone_axe":1},"minecraft:crafted":{"minecraft:cooked_beef":6,"minecraft:oak_planks":84,"minecraft:cooked_porkchop":17,"minecraft:crafting_table":1,"minecraft:wooden_pickaxe":1,"minecraft:stone_axe":1,"minecraft:air":0,"minecraft:stick":16,"minecraft:iron_pickaxe":1,"minecraft:stone_pickaxe":1,"minecraft:white_bed":2,"minecraft:torch":24},"minecraft:mined":{"minecraft:white_bed":3,"minecraft:oak_door":3,"minecraft:crafting_table":4,"minecraft:torch":3,"minecraft:grass_block":2,"minecraft:tall_grass":17,"minecraft:wall_torch":3,"minecraft:magma_block":2,"minecraft:iron_ore":10,"minecraft:grass":19,"minecraft:oak_log":67,"minecraft:coal_ore":72,"minecraft:dirt":12,"minecraft:stone":64,"minecraft:oak_leaves":3},"minecraft:killed":{"minecraft:pig":11,"minecraft:sheep":8,"minecraft:skeleton":2,"minecraft:zombie":1,"minecraft:cow":1},"minecraft:used":{"minecraft:stone_pickaxe":130,"minecraft:wooden_pickaxe":26,"minecraft:oak_door":3,"minecraft:torch":10,"minecraft:dirt":2,"minecraft:crafting_table":5,"minecraft:white_bed":4,"minecraft:stone_axe":103,"minecraft:cobblestone":4,"minecraft:magma_block":1,"minecraft:cooked_porkchop":1,"minecraft:cooked_beef":5},"minecraft:dropped":{"minecraft:furnace":1,"minecraft:wheat_seeds":6,"minecraft:crafting_table":1,"minecraft:cobblestone":23,"minecraft:oak_planks":29,"minecraft:stick":3,"minecraft:dirt":19,"minecraft:mutton":2,"minecraft:arrow":2,"minecraft:wooden_pickaxe":1,"minecraft:bone":2},"minecraft:picked_up":{"minecraft:magma_block":2,"minecraft:crafting_table":6,"minecraft:oak_log":66,"minecraft:dirt":21,"minecraft:bone":2,"minecraft:wheat_seeds":6,"minecraft:stone_pickaxe":1,"minecraft:oak_planks":22,"minecraft:furnace":1,"minecraft:stick":4,"minecraft:raw_iron":10,"minecraft:oak_door":4,"minecraft:torch":7,"minecraft:porkchop":26,"minecraft:white_bed":2,"minecraft:arrow":2,"minecraft:oak_sapling":4,"minecraft:mutton":17,"minecraft:coal":71,"minecraft:white_wool":9,"minecraft:cobblestone":55}},"DataVersion":3465}